[
    {
        "name": "Bomb away",
        "map": [
            [12, 12, 12, 12, 12, 12, 12, 12, 12, 12, 12, 12, 12, 12, 12],
            [12, 6, 6, 6, 6, 6, 6, 6, 6, 6, 6, 6, 6, 6, 12],
            [12, 6, 12, 6, 12, 6, 12, 6, 12, 6, 12, 6, 12, 6, 12],
            [12, 6, 6, 6, 6, 6, 6, 6, 6, 6, 6, 6, 6, 6, 12],
            [12, 6, 12, 6, 12, 6, 12, 6, 12, 6, 12, 6, 12, 6, 12],
            [12, 6, 6, 6, 6, 6, 6, 6, 6, 6, 6, 6, 6, 6, 12],
            [12, 6, 12, 6, 12, 6, 12, 6, 12, 6, 12, 6, 12, 6, 12],
            [12, 6, 6, 6, 6, 6, 6, 6, 6, 6, 6, 6, 6, 6, 12],
            [12, 6, 12, 6, 12, 6, 12, 6, 12, 6, 12, 6, 12, 6, 12],
            [12, 6, 6, 6, 6, 6, 6, 6, 6, 6, 6, 6, 6, 6, 12],
            [12, 6, 12, 6, 12, 6, 12, 6, 12, 6, 12, 6, 12, 6, 12],
            [12, 6, 6, 6, 6, 6, 6, 6, 6, 6, 6, 6, 6, 6, 12],
           [12, 12, 12, 12, 12, 12, 12, 12, 12, 12, 12, 12, 12, 12, 12]
        ],
        "p1": {
            "x": 60,
            "y": 60
        },
        "p2": {
            "x": 780,
            "y": 660
        }
    }
]